user,text
mykel_hawke,@Taylor_Nieman If you want to make income today. Then start working on Survey Junkie. I have earned before. Now you‚Ä¶ https://t.co/dLmyMwl1qW
AngelsKapoor,@Taylor_Nieman https://t.co/U5eVUXS8w5  Free English learning Channel
redaredaa19,@Taylor_Nieman https://t.co/xyJCHWwtrw
YannMarillier,@Taylor_Nieman Very interested
omimasero,@Taylor_Nieman https://t.co/xLUeYwy1ww
paratokatlayici,@Taylor_Nieman #GALA is coming again!!
frouwina2,@Taylor_Nieman merci
mom_julieta,@Taylor_Nieman Is it safe to add an extension to your browser? Hmmm...
sobuzbd372,@Taylor_Nieman If you want to do Instagram marketing or promotion then order. I'll give you 500 to 1000 organic fol‚Ä¶ https://t.co/mwyPvPQfhA
BABAB0l,@Taylor_Nieman if we dont have time to learn a language why would we have time to browse twitter??
JuberMalik38,@Taylor_Nieman i am mohd jabaj malik
KapoorBina,"@Taylor_Nieman @HDFCBank_Cares @HDFCLife_Cares THIS IS A #FRAUD GROUP &amp; MIS-SELL INSURANCE TO IT's IMPERIA CSTMRS,‚Ä¶ https://t.co/7KuCOO8bkn"
dmronjush,@Taylor_Nieman üòç
adamlawalbkr1,"@Taylor_Nieman Hello, You shouldn't let the opportunity to slip, an upcoming IDO for  @mytradeglobal   is coming, W‚Ä¶ https://t.co/htHeCOERSi"
0_sprinkle,@Taylor_Nieman hola ninos
TechgiantsP,@Taylor_Nieman Yes
QQebeQQ,@Taylor_Nieman https://t.co/JIOCQBYvQB
brotherdave6,@Taylor_Nieman Polish???
phrthip87,"@Taylor_Nieman ""üëâ‡πÅ‡∏ô‡∏∞‡∏ô‡∏≥‡πÄ‡∏ß‡πá‡∏ö‡∏î‡∏µ‡∏î‡∏µ‡∏Ñ‡∏£‡∏ö‡∏ß‡∏á‡∏à‡∏£ ‡∏ï‡∏±‡∏ß‡∏à‡∏£‡∏¥‡∏áüéØ ‡∏á‡∏ö‡∏ô‡πâ‡∏≠‡∏¢ ‡∏≠‡∏¢‡πà‡∏≤‡∏Å‡∏•‡∏±‡∏ß ‡πÄ‡∏•‡πà‡∏ô‡∏á‡πà‡∏≤‡∏¢ ‡πÑ‡∏î‡πâ‡∏à‡∏£‡∏¥‡∏á üî•üî• üé≤‡πÄ‡∏Å‡∏°‡∏™‡πå‡πÄ‡∏¢‡∏≠‡∏∞ ‡πÑ‡∏°‡πà‡∏¢‡∏∏‡πà‡∏á‡∏¢‡∏≤‡∏Å üé≤‡∏°‡∏µ‡πÅ‡∏≠‡∏î‡∏°‡∏¥‡∏ô‡πÉ‚Ä¶ https://t.co/ThbsIpxbXu"
SabbirH68686847,"@Taylor_Nieman Hi  Are you searching a creative, minimalist, logo for your brand?  I'm here to help you with profes‚Ä¶ https://t.co/LpxBMwJhun"
KumarAsnani4,@Taylor_Nieman NFT Gaming is going to be Recession Proof! Bitcoin Billionaire Gaming Play to Earn ecosystem coming‚Ä¶ https://t.co/WQCwa3RWXY
jnh4k,@Taylor_Nieman https://t.co/aCZvee8WpV
kerkinis,@Taylor_Nieman Kafasƒ±na mikrofonu okalƒ± bir ≈üekilde g√ºmmm diye yerdi!
kingkrishnano1,@Taylor_Nieman Easy Ways To MakeMoneyOnline Be Your Own Boss -  https://t.co/d5n4PgVNDu  #MakeMoneyOnline‚Ä¶ https://t.co/2hcaSLzUk2
SODA88SlotGacor,@Taylor_Nieman #agenslot #agenslotonline #agenslotterpercaya #agenslotindo #agenslotpulsa #agenslotterbaik‚Ä¶ https://t.co/zfUcWIbz7U
eoshunter,@Taylor_Nieman üî•Yeni M-Day 23. Oturumu @acumenofficial $ACM Ba≈ülƒ±yorüî• üí∞ACM kazanmak i√ßin al-sat yap veya MX tut! üéü‚Ä¶ https://t.co/4mJtTff58a
gerelzip6,@Taylor_Nieman https://t.co/w5pSiBAJT7
SarowerShojib,@Taylor_Nieman https://t.co/VC8pquS7aU
LYSP_india,@Taylor_Nieman https://t.co/aRXTF7WPzm
libra34294286,@Taylor_Nieman What about English learning?üòÄ
jack98866,@Taylor_Nieman Yes agree
omart912,@Taylor_Nieman porque me aparece tanto esta wea?? I vote #Louies for #BestFanArmy at the #iHeartAwards
HoudaHo53114819,@Taylor_Nieman nice
HappyGardener13,@Taylor_Nieman Very clever. Good on you.
teach_ours,@Taylor_Nieman @teach_ours
toussaint2502,@Taylor_Nieman https://t.co/WI6KvwRKgH
Lakshan22969278,@Taylor_Nieman what in the duolingo is this??
dive_daniel,"@Taylor_Nieman We deal and specialize in helping you guys obtain a Register IELTS,ITIL, GMAT,SMLE,TOEFL, TEF, OET,‚Ä¶ https://t.co/oY0vUi2jWB"
PiotrZatorski,@Taylor_Nieman ‚ù§Ô∏è‚ù§Ô∏è‚ù§Ô∏è‚ù§Ô∏è‚ù§Ô∏è‚ù§Ô∏è‚ù§Ô∏è‚ù§Ô∏è‚ù§Ô∏è‚ù§Ô∏è üçÄüçÄüçÄüçÄüçÄüçÄüçÄüçÄüçÄüçÄ
704Pinho,@Taylor_Nieman ITS THE 5¬∫TH TIME I SEE THS SCAM!
SaadTAIBI6,@Taylor_Nieman üëèüëèüëè
Maratha853,@Taylor_Nieman Human being is not made by programmer. People feeling sick because recycled chemical water and pollu‚Ä¶ https://t.co/y1SQJwpiB2
madelein_uys,@Taylor_Nieman PARROT
demon_view,@Taylor_Nieman What about Amharic?
DivineD15400699,@Taylor_Nieman https://t.co/ObPJI6sz5J
johanesbrain,@Taylor_Nieman cool...  Temukan dan dapatkan Cuddle Me Ultimo Carrier Adjustable Gendongan Hipseat 5 Posisi Bisa Ha‚Ä¶ https://t.co/e7DulQYuI0
LittleMousa,@Taylor_Nieman I'd give Dutch a go! Looks cool.
ThursXD,@Taylor_Nieman ok lol
vndevil1,@Taylor_Nieman #SHINJA #Shibnobi #ShinjaSeason #DojoSwap #KatanaWallet #KusariBlockchain #DojoVerse #DeFi #hodl‚Ä¶ https://t.co/eqRtUpCT3v
pratik13butani,@Taylor_Nieman @AwardThisTweet elon!
FracFracFam,"@Taylor_Nieman Support small artists when you see promoted content, please visit https://t.co/A9TKo4CSvS"
HariRamDabwali,@Taylor_Nieman Don't buy havells or Lloyd products. Just to sell their products they will give warranty on paper bu‚Ä¶ https://t.co/UyVf6fnstk
browndesifella,"@Taylor_Nieman How many Indian ,African languages are on the roster ?"
hisham44444,@Taylor_Nieman The island of north cyprus our real paradise in this earth (Turkish side). Hurry up to invest at the‚Ä¶ https://t.co/4quwnTBah3
CollenMokgata,@Taylor_Nieman my cousin died after listening to this. are you strong enough? https://t.co/9fTTa26J63
DrasticAliens,@Taylor_Nieman ‚ÄúComing soon‚Äù  Drastic Alien is a community-driven collectibles NFT project. 50% of all royalties fr‚Ä¶ https://t.co/A9s1FvjbwR
DrasticAliens,@Taylor_Nieman Drastic Alien is a community-driven collectible NFT project.  Do you know about NFT?  NFT is a non-f‚Ä¶ https://t.co/LTn17uePAw
FxRique,@Taylor_Nieman Nobru √© vc?
SBokadia,"@Taylor_Nieman Well, I don't find Sanskrit in Toucan :)"
ahmedhumayun982,"@Taylor_Nieman Hello!, I believed you, so, please do it, you are grate, so i wish you click the link and allow noti‚Ä¶ https://t.co/ekiuqKX5A9"
alanmarc32,@Taylor_Nieman la seule nouvelle langue que vous proposez est l'anglais que tout le monde parle d√©j√†. So it is not interesting
swastick,@Taylor_Nieman @miraderick üëç
AMascary,"@Taylor_Nieman No, I'm good I already speak French, Spanish, Italian, and Chinese,  xi√® xi√®."
SMShah019,@Taylor_Nieman You can learn and trade together on CryptoTraders. There is a 10 day free trial no credit card requi‚Ä¶ https://t.co/3YwOPMTszl
LZK_in_music,@Taylor_Nieman https://t.co/tDvXw3RovP
ssgnexuss,@Taylor_Nieman if i see this shit one more time im gonna ratio u
SayedaMayesha,@Taylor_Nieman https://t.co/QbkszSg7nj   #earnmoney
